{"cameraMode":{"drawMode":0,"name":"Shaded","section":"Shading Mode"},"sceneLighting":true,"audioPlay":false,"sceneViewState":{"m_AlwaysRefresh":false,"showFog":true,"showSkybox":true,"showFlares":true,"showImageEffects":true,"showParticleSystems":true,"showVisualEffectGraphs":true,"m_FxEnabled":true},"in2DMode":false,"pivot":{"x":-1.970329761505127,"y":-0.09209352731704712,"z":4.617565155029297},"rotation":{"x":0.02064834162592888,"y":-0.17956608533859254,"z":0.0038188679609447719,"w":0.9835875034332275},"size":3.007394790649414,"orthographic":false}